{
  "$schema": "https://schema.management.azure.com/schemas/2019-04-01/deploymentTemplate.json#",
  "contentVersion": "1.0.0.0",
  "parameters": {
    "containerUri": {
      "type": "string"
    },
    "containerSasToken": {
      "type": "securestring"
    },
    "buildNumber": {
      "type": "string"
    },
    "rsSubscriptionId": {
      "type": "string"
    },
    "coreEnvironment": {
      "type": "string"
    },
    "tmnasRsGroupCompany": {
      "type": "string",
      "defaultValue": "00"
    },
    "tmnasRsEnvironment": {
      "type": "string"
    },
    "tmnasEnvironment": {
      "type": "string",
      "defaultValue": "dv"
    },
    "tmnasSubRsEnvironment": {
      "type": "string"
    },
    "tmnasRsInstanceSuffix": {
      "type": "string"
    },
    "vnetRsGroupCompany": {
      "type": "string"
    },
    "vnetRsInstanceSuffix": {
      "type": "string"
    },
    "privateDnsZoneSubscriptionId": {
      "type": "string"
    },
    "devOpsConnectionObjectId": {
      "type": "string"
    },
    "gatewayName": {
      "type": "string"
    },
    "gatewaySubscription": {
      "type": "string"
    },
    "gatewayRg": {
      "type": "string"
    },
    "tmnasRsApplicationName": {
      "type": "string"
    },
    "rsGroupCompany":{
      "type":"string"
    },
    "rsInstanceSuffix":{
      "type":"string"
    },
    "rsEnvironment":{
      "type":"string"
    },
    "subRsInstanceSuffix":{
      "type":"string"
    },
    "subRsEnvironment":{
      "type":"string"
    },
    "AzureMLStudio_Endpoint":{
      "type":"string"
    },
    "AzureMLStudio_Endpoint_Deployment":{
      "type":"string"
    },
    "Product_Type_Class_Name_Mapping":{
      "type":"string"
    },
    "SQl_Managed_Instances_Connection_String":{
      "type":"string"
    },
    "Storage_Account_URL":{
      "type":"string"
    },
    "Upload_Container_Name":{
      "type":"string"
    }
    
    
  },
  "functions": [],
  "variables": {
    "tmnasRsSubscriptionId": "[parameters('rsSubscriptionId')]",
    "vnetRsSubscriptionId": "[parameters('rsSubscriptionId')]",
    "defaultLocationInShort": "[if(equals(resourceGroup().location, 'eastus2'),'eus2','cus')]",
    "rsTags": {},
    
    "applicationRgNamedev": "[concat('rg-',parameters('tmnasRsGroupCompany'),'-openai-',parameters('coreEnvironment'),'-',parameters('tmnasRsInstanceSuffix'))]",
    "applicationRgNameqa": "[concat('rg-',parameters('rsGroupCompany'),'-openai-waiverreview-',parameters('tmnasRsEnvironment'),'-',variables('defaultLocationInShort'),'-',parameters('rsInstanceSuffix'))]",
    "applicationRgNameothrs": "[concat('rg-',parameters('rsGroupCompany'),'-openai-waiverreview-',parameters('coreEnvironment'),'-',variables('defaultLocationInShort'),'-',parameters('rsInstanceSuffix'))]",
    "applicationRgName": "[if(equals(parameters('rsEnvironment'),'qa'),variables('applicationRgNameqa'),if(equals(parameters('rsEnvironment'),'dv'),variables('applicationRgNamedev'),variables('applicationRgNameothrs')))]", 
    
    "logAnalyticsWorkspaceNamedev": "[concat('law-',parameters('rsGroupCompany'),'-',parameters('rsEnvironment'),'-openai-001')]",
    "logAnalyticsWorkspaceNameqa": "[concat('law-',parameters('rsGroupCompany'),'-',parameters('rsEnvironment'),'-wreview-',parameters('rsInstanceSuffix'))]",
    "logAnalyticsWorkspaceNameothrs": "[concat('law-',parameters('rsGroupCompany'),'-',parameters('coreEnvironment'),'-wreview-',parameters('rsInstanceSuffix'))]",
    "logAnalyticsWorkspaceName":"[if(equals(parameters('rsEnvironment'),'qa'),variables('logAnalyticsWorkspaceNameqa'),if(equals(parameters('rsEnvironment'),'dv'),variables('logAnalyticsWorkspaceNamedev'),variables('logAnalyticsWorkspaceNameothrs')))]",
    
    "applicationInsightsNamedev": "[concat('ais-',parameters('rsGroupCompany'),'-',parameters('rsEnvironment'),'-openai-001')]",
    "applicationInsightsNameqa": "[concat('ais-',parameters('rsGroupCompany'),'-',parameters('rsEnvironment'),'-wreview-',parameters('rsInstanceSuffix'))]",
    "applicationInsightsNameothrs": "[concat('ais-',parameters('rsGroupCompany'),'-',parameters('coreEnvironment'),'-wreview-',parameters('rsInstanceSuffix'))]",
    "applicationInsightsName": "[if(equals(parameters('rsEnvironment'),'qa'),variables('applicationInsightsNameqa'),if(equals(parameters('rsEnvironment'),'dv'),variables('applicationInsightsNamedev'),variables('applicationInsightsNameothrs')))]",

    "logAnalyticsWorkspaceResourceId": "[resourceId(variables('applicationRgName'),'Microsoft.OperationalInsights/workspaces',variables('logAnalyticsWorkspaceName'))]",
    "applicationInsightsResourceId": "[resourceId(variables('applicationRgName'),'microsoft.insights/components/', variables('applicationInsightsName'))]",


    "fapAppServicePlanNameDev": "[concat('asp-',parameters('rsGroupCompany'),'-',parameters('rsEnvironment'),'-openai-',parameters('rsInstanceSuffix'))]",
    "fapAppServicePlanNameqa": "[concat('asp-',parameters('rsGroupCompany'),'-',parameters('rsEnvironment'),'-wreview-',parameters('rsInstanceSuffix'))]",
    "fapAppServicePlanNameothrs": "[concat('asp-',parameters('rsGroupCompany'),'-',parameters('rsEnvironment'),'-wreview-',parameters('rsInstanceSuffix'))]",
    "fapAppServicePlanName": "[if(equals(parameters('rsEnvironment'),'qa'),variables('fapAppServicePlanNameqa'),if(equals(parameters('rsEnvironment'),'dv'),variables('fapAppServicePlanNameDev'),variables('fapAppServicePlanNameothrs')))]",
    
    "fapStorageAccountName": "[concat('sta',parameters('rsGroupCompany'),parameters('rsEnvironment'),'fapwr',variables('defaultLocationInShort'),parameters('rsInstanceSuffix'))]",  
    "fapAppServicePlanResourceId": "[resourceId(variables('tmnasRsSubscriptionId'),variables('applicationRgName'),'Microsoft.Web/serverfarms/', variables('fapAppServicePlanName'))]", 
    "fapStorageAccountResourceId": "[resourceId(variables('tmnasRsSubscriptionId'),variables('applicationRgName'),'Microsoft.Storage/storageAccounts', variables('fapStorageAccountName'))]",

    "vnetRgName": "[concat('rg-',parameters('tmnasRsGroupCompany'),'-openai-',parameters('coreEnvironment'),'-001')]",
    "vnetName": "[concat('vnet-',parameters('tmnasRsGroupCompany'),'-openai-',parameters('coreEnvironment'),'-',variables('defaultLocationInShort'),'-001')]",
    "vnetResourceId": "[resourceId(variables('vnetRgName'),'Microsoft.Network/virtualNetworks',variables('vnetName'))]",
    
    
    "subnetForFunctionAppNamedev": "[concat('snet-',parameters('tmnasRsGroupCompany'),'-openai-',parameters('coreEnvironment'),'-service-',variables('defaultLocationInShort'),'-001')]",
    "subnetForFunctionAppNameothers": "[concat('snet-',parameters('tmnasRsGroupCompany'),'-openai-',parameters('coreEnvironment'),'-service-',variables('defaultLocationInShort'),'-001')]",
    "subnetForFunctionAppNameqa": "[concat('snet-',parameters('tmnasRsGroupCompany'),'-openai-',parameters('coreEnvironment'),'-service-',variables('defaultLocationInShort'),'-002')]",
    "subnetForFunctionAppName": "[if(equals(parameters('rsEnvironment'),'qa'),variables('subnetForFunctionAppNameqa'),if(equals(parameters('rsEnvironment'),'dv'),variables('subnetForFunctionAppNamedev'),variables('subnetForFunctionAppNameothers')))]",
    "subnetForFunctionAppResourceId": "[resourceId(variables('vnetRsSubscriptionId'),variables('vnetRgName'),'Microsoft.Network/virtualNetworks/subnets',variables('vnetName'),variables('subnetForFunctionAppName'))]",
    
    "subnetDelegatedForFasNameothrs": "[concat('snet-',parameters('tmnasRsGroupCompany'),'-openai-',parameters('coreEnvironment'),'-web-',variables('defaultLocationInShort'),'-001')]",
    "subnetDelegatedForFasNameProd": "[concat('snet-',parameters('tmnasRsGroupCompany'),'-openai-',parameters('coreEnvironment'),'-service-',variables('defaultLocationInShort'),'-002')]",
    "subnetDelegatedForFasName": "[if(equals(parameters('rsEnvironment'),'pr'),variables('subnetDelegatedForFasNameProd'),variables('subnetDelegatedForFasNameothrs'))]",

    "subnetDelegatedForFasResourceId": "[resourceId(variables('vnetRsSubscriptionId'),variables('vnetRgName'),'Microsoft.Network/virtualNetworks/subnets',variables('vnetName'),variables('subnetDelegatedForFasName'))]",
    
    "privateDnsZoneRgName": "[concat('rg-',parameters('vnetRsGroupCompany'),'-network-',parameters('coreEnvironment'),'-',variables('defaultLocationInShort'),'-',parameters('vnetRsInstanceSuffix'))]",
    
    "keyVaultNameDev":"[concat('kyt-',parameters('tmnasRsGroupCompany'),'-dv','-openai-001')]",
    "keyVaultNameqa":"[concat('kyt-',parameters('tmnasRsGroupCompany'),'-',parameters('tmnasRsEnvironment'),'-wreview-',parameters('tmnasRsInstanceSuffix'))]",//kyt-00-qa-wreview-001
    "keyVaultNameothrs":"[concat('kyt-',parameters('tmnasRsGroupCompany'),'-',parameters('coreEnvironment'),'-wreview-',parameters('tmnasRsInstanceSuffix'))]",
    "keyVaultName": "[if(equals(parameters('rsEnvironment'),'qa'),variables('keyVaultNameqa'),if(equals(parameters('rsEnvironment'),'dv'),variables('keyVaultNamedev'),variables('keyVaultNameothrs')))]",
    
    "functionAppName": "[concat('fap-',parameters('tmnasRsGroupCompany'),'-',parameters('tmnasRsEnvironment'),'-wreview-',parameters('tmnasRsInstanceSuffix'))]",
    "functionAppResourceId": "[resourceId('Microsoft.Web/sites',variables('functionAppName'))]",
    
    "privateEndpointForQAFunctionAppName":"[concat('pte-',parameters('tmnasRsGroupCompany'),'-',parameters('tmnasRsEnvironment'),'-fap-wreview-',parameters('tmnasRsInstanceSuffix'))]",
    "privateEndpointForDevFunctionAppName": "[concat('pte-',parameters('tmnasRsGroupCompany'),'-',parameters('tmnasRsEnvironment'),'-fap-openai-',parameters('tmnasRsInstanceSuffix'))]",
    "privateEndpointForOthersFunctionAppName": "[concat('pte-',parameters('tmnasRsGroupCompany'),'-',parameters('tmnasRsEnvironment'),'-fap-wreview-',parameters('tmnasRsInstanceSuffix'))]",
    "privateEndpointForFunctionAppName":"[if(equals(parameters('rsEnvironment'),'qa'),variables('privateEndpointForQAFunctionAppName'),if(equals(parameters('rsEnvironment'),'dv'),variables('privateEndpointForDevFunctionAppName'),variables('privateEndpointForOthersFunctionAppName')))]"
    
  },
  "resources": [
    {
      "comments": "Create keyvault secrets - depends on keyvault creation",
      "resourceGroup": "[variables('applicationRgName')]",
      "type": "Microsoft.Resources/deployments",
      "apiVersion": "2022-09-01",
      "name": "[concat('addkytsecrets_',parameters('buildNumber'))]",
      "dependsOn": [],
      "properties": {
        "mode": "Incremental",
        "templateLink": {
          "uri": "[concat(parameters('containerUri'),parameters('tmnasRsEnvironment'),'/',parameters('buildNumber'),'/Templates/addkeyvaultsecrets.json?',parameters('containerSasToken'))]",
          "contentVersion": "1.0.0.0"
        },
        "parameters": {
          "keyVaultName": {
            "value": "[variables('keyVaultName')]"
          },
          "secretsObject": {
            "value": {
              "secrets": [
                {
                  "secretName": "DemoFap",
                  "secretValue": "Demofap"
                }
              ]
            }
          }
        }
      }
    },
    
    {
    "comments": "Create function app storage account file share",
    "resourceGroup": "[variables('applicationRgName')]",
    "type": "Microsoft.Resources/deployments",
    "apiVersion": "2021-04-01",
    "name": "[concat('createfapshare_',parameters('buildNumber'))]",
    "properties": {
      "mode": "Incremental",
      "templateLink": {
        "uri": "[concat(parameters('containerUri'),parameters('tmnasRsEnvironment'),'/',parameters('buildNumber'),'/Templates/createstorageaccountfileshare.json?',parameters('containerSasToken'))]",
        "contentVersion": "1.0.0.0"
      },
      "parameters": {
        "storageAccountName": {
          "value": "[variables('fapStorageAccountName')]"
        },
        "fileShareName": {
          "value": "[variables('functionAppName')]"
        }
      }
    }
  },
    {
      "comments": "Create  Function App",
      "resourceGroup": "[variables('applicationRgName')]",
      "type": "Microsoft.Resources/deployments",
      "apiVersion": "2022-09-01",
      "dependsOn": [
        "[concat('createfapshare_',parameters('buildNumber'))]"
      ],
      "name": "[concat('createfap_',parameters('buildNumber'))]",
      "properties": {
        "mode": "Incremental",
        "templateLink": {
          "uri": "[concat(parameters('containerUri'),parameters('tmnasRsEnvironment'),'/',parameters('buildNumber'),'/Templates/createfunctionapp.json?',parameters('containerSasToken'))]",
          "contentVersion": "1.0.0.0"
        },
        "parameters": {
          "functionAppName": {
            "value": "[variables('functionAppName')]"
          },
          "rsTags": {
            "value": "[variables('rsTags')]"
          },
          "appServicePlanName": {
            "value": "[variables('fapAppServicePlanName')]"
          },
          "appServicePlanResourceId": {
            "value": "[variables('fapAppServicePlanResourceId')]"
          },
          "storageAccountName": {
            "value": "[variables('fapStorageAccountName')]"
          },
          "storageAccountResourceId": {
            "value": "[variables('fapStorageAccountResourceId')]"
          },
          "applicationInsightsName": {
            "value": "[variables('applicationInsightsName')]"
          },
          "applicationInsightsResourceId": {
            "value": "[variables('applicationInsightsResourceId')]"
          },
          "logAnalyticsWorkspaceName": {
            "value": "[variables('logAnalyticsWorkspaceName')]"
          },
          "logAnalyticsWorkspaceResourceId": {
            "value": "[variables('logAnalyticsWorkspaceResourceId')]"
          },
          "vnetName": {
            "value": "[variables('vnetName')]"
          },
          "vnetResourceId": {
            "value": "[variables('vnetResourceId')]"
          },
          "subnetName": {
            "value": "[variables('subnetDelegatedForFasName')]"
          },
          "subnetResourceId": {
            "value": "[variables('subnetDelegatedForFasResourceId')]"
          }
        }
      }
    },
    {
      "comments": "Add access policy to keyvault -  Function app - depends on kvt, function app creation",
      "resourceGroup": "[variables('applicationRgName')]",
      "type": "Microsoft.Resources/deployments",
      "apiVersion": "2021-04-01",
      "name": "[concat('fapkytaccess_',parameters('buildNumber'))]",
      "dependsOn": [
        "[concat('createfap_',parameters('buildNumber'))]"
      ],
      "properties": {
        "mode": "Incremental",
        "templateLink": {
          "uri": "[concat(parameters('containerUri'),parameters('tmnasRsEnvironment'),'/',parameters('buildNumber'),'/Templates/addkeyvaultaccesspolicy.json?',parameters('containerSasToken'))]",
          "contentVersion": "1.0.0.0"
        },
        "parameters": {
          "keyVaultName": {
            "value": "[variables('keyVaultName')]"
          },
          "servicePrincipalObjectId": {
            "value": "[reference(concat('createfap_',parameters('buildNumber'))).outputs.functionAppPrincipalId.value]"
          }
        }
      }
    },
    
    {
      "type": "Microsoft.Web/sites/config",
      "name": "[concat(variables('functionAppName'),'/appsettings')]",
      "dependsOn": [
        "[concat('createfap_',parameters('buildNumber'))]"
        
      ],
      "apiVersion": "2020-12-01",
      "properties": {
        "FUNCTIONS_WORKER_RUNTIME": "python",
        "AzureWebJobsStorage": "[concat('DefaultEndpointsProtocol=https;AccountName=',variables('fapStorageAccountName'),';AccountKey=',listKeys(variables('fapStorageAccountResourceId'), '2019-04-01').keys[0].value)]",
        "FUNCTIONS_EXTENSION_VERSION": "~4",
        "APPINSIGHTS_INSTRUMENTATIONKEY": "[reference(variables('applicationInsightsResourceId'), '2018-05-01-preview').InstrumentationKey]",
        "ApplicationInsightsAgent_EXTENSION_VERSION": "~2",
        "WEBSITE_CONTENTAZUREFILECONNECTIONSTRING": "[concat('DefaultEndpointsProtocol=https;AccountName=', variables('fapStorageAccountName'), ';AccountKey=', listKeys(variables('fapStorageAccountResourceId'),'2019-04-01').keys[0].value)]",
        "WEBSITE_CONTENTSHARE": "[toLower(variables('functionAppName'))]",
        "WEBSITE_VNET_ROUTE_ALL": "1",
        "WEBSITE_CONTENTOVERVNET": "1",
        "ENVIRONMENT": "[parameters('tmnasRsEnvironment')]",
        "AzureMLStudio_Endpoint": "[parameters('AzureMLStudio_Endpoint')]",
        "AzureMLStudio_Endpoint_Deployment": "[parameters('AzureMLStudio_Endpoint_Deployment')]",
        "Product_Type_Class_Name_Mapping": "[parameters('Product_Type_Class_Name_Mapping')]",
        "SQl_Managed_Instances_Connection_String": "[parameters('SQl_Managed_Instances_Connection_String')]",
        "Storage_Account_URL": "[parameters('Storage_Account_URL')]",
        "Upload_Container_Name": "[parameters('Upload_Container_Name')]"
      }
    },
    {
      "comments": "create private endpoint for  Function App",
      "resourceGroup": "[variables('applicationRgName')]",
      "type": "Microsoft.Resources/deployments",
      "apiVersion": "2021-04-01",
      "name": "[concat('createptefap_',parameters('buildNumber'))]",
      "dependsOn": [
        "[concat('createfap_',parameters('buildNumber'))]",
        "[concat(variables('functionAppResourceId'),'/config/appsettings')]"
      ],
      "properties": {
        "mode": "Incremental",
        "templateLink": {
          "uri": "[concat(parameters('containerUri'),parameters('tmnasRsEnvironment'),'/',parameters('buildNumber'),'/Templates/createptewebsite.json?',parameters('containerSasToken'))]",
          "contentVersion": "1.0.0.0"
        },
        "parameters": {
          "websiteName": {
            "value": "[variables('functionAppName')]"
          },
          "privateEndpointWebsiteName": {
            "value": "[variables('privateEndpointForFunctionAppName')]"
          },
          "rsTags": {
            "value": "[variables('rsTags')]"
          },
          "websiteResourceId": {
            "value": "[variables('functionAppResourceId')]"
          },
          "subnetForWebsiteName": {
            "value": "[variables('subnetForFunctionAppName')]"
          },
          "subnetForWebsiteResourceId": {
            "value": "[variables('subnetForFunctionAppResourceId')]"
          },
          "privateDnsZoneSubscriptionId": {
            "value": "[parameters('privateDnsZoneSubscriptionId')]"
          },
          "privateDnsZoneRgName": {
            "value": "[variables('privateDnsZoneRgName')]"
          }
        }
      }
    }

    
    
    
  ],
  "outputs": {}
}