{
  "package": {},
  "code": {
    "nodeDataExtractionAndChunking.py": {
      "name": "nodeDataExtractionAndChunking.py",
      "type": "python",
      "inputs": {
        "intRunID": {
          "type": [
            "int"
          ],
          "allow_manual_entry": false,
          "is_multi_select": false,
          "input_type": "default"
        },
        "strProductType": {
          "type": [
            "string"
          ],
          "allow_manual_entry": false,
          "is_multi_select": false,
          "input_type": "default"
        },
        "strWaiverFileName": {
          "type": [
            "string"
          ],
          "allow_manual_entry": false,
          "is_multi_select": false,
          "input_type": "default",
          "value": "${inputs.strWaiverFileName}",
          "id": "b80zaap0"
        }
      },
      "description": "Function to parse page level data from text extracted of the document\n\nParameters: \n- strWaiverFileName (str): file name of the document\n\nreturn:\n- listExtractedPageData (list): List of dictionaries containing page number and text from each page",
      "source": "nodeDataExtractionAndChunking.py",
      "function": "data_extraction_and_chunking",
      "is_builtin": false,
      "enable_kwargs": false,
      "tool_state": "stable",
      "toolId": "nodeDataExtractionAndChunking.py"
    },
    "nodeClauseValidation.py": {
      "name": "nodeClauseValidation.py",
      "type": "python",
      "inputs": {
        "intRunID": {
          "type": [
            "int"
          ],
          "allow_manual_entry": false,
          "is_multi_select": false,
          "input_type": "default"
        },
        "strProductType": {
          "type": [
            "string"
          ],
          "allow_manual_entry": false,
          "is_multi_select": false,
          "input_type": "default",
          "value": "${inputs.strProductType}",
          "id": "f9rswofy"
        },
        "strProductTypeClassName": {
          "type": [
            "string"
          ],
          "allow_manual_entry": false,
          "is_multi_select": false,
          "input_type": "default",
          "value": "${inputs.strProductTypeClassName}"
        },
        "strVectorIndexName": {
          "type": [
            "string"
          ],
          "allow_manual_entry": false,
          "is_multi_select": false,
          "input_type": "default",
          "value": "${nodeDataVectorization.output}",
          "id": "j7jyzrwa"
        },
        "strWaiverFileName": {
          "type": [
            "string"
          ],
          "allow_manual_entry": false,
          "is_multi_select": false,
          "input_type": "default",
          "value": "${inputs.strWaiverFileName}",
          "id": "yo6istmu"
        }
      },
      "description": "Function to parse generate response for each Clause\n\nParameters: \n- strVectorIndexName (str): AI Search Vector index name\n- strProductType (str): Product type as provided by the user\n\nreturn:\n- dictWaiverOutput (dict): Detailed output of all Clauses along with overall view",
      "source": "nodeClauseValidation.py",
      "function": "clause_validation",
      "is_builtin": false,
      "enable_kwargs": false,
      "tool_state": "stable",
      "toolId": "nodeClauseValidation.py"
    },
    "nodeDataVectorization.py": {
      "name": "nodeDataVectorization.py",
      "type": "python",
      "inputs": {
        "intRunID": {
          "type": [
            "int"
          ],
          "allow_manual_entry": false,
          "is_multi_select": false,
          "input_type": "default"
        },
        "listExtractedPageData": {
          "type": [
            "list"
          ],
          "allow_manual_entry": false,
          "is_multi_select": false,
          "input_type": "default",
          "value": "${nodeDataExtractionAndChunking.output}",
          "id": "ixocfp4b"
        },
        "strProductType": {
          "type": [
            "string"
          ],
          "allow_manual_entry": false,
          "is_multi_select": false,
          "input_type": "default"
        },
        "strWaiverFileName": {
          "type": [
            "string"
          ],
          "allow_manual_entry": false,
          "is_multi_select": false,
          "input_type": "default",
          "value": "${inputs.strWaiverFileName}",
          "id": "0rt4pv0y"
        }
      },
      "description": "Function to parse page level data from text extracted of the document\n\nParameters: \n- file_name (str): file name of the document\n\nreturn:\n- listExtractedPageData (list): List of dictionaries containing page number and text from each page",
      "source": "nodeDataVectorization.py",
      "function": "data_vectorization",
      "is_builtin": false,
      "enable_kwargs": false,
      "tool_state": "stable",
      "toolId": "nodeDataVectorization.py"
    }
  }
}