{
  "orientation": "Vertical",
  "nodeLayouts": {
    "inputs": {
      "x": 12,
      "y": 62,
      "index": -1
    },
    "outputs": {
      "x": 12,
      "y": 502,
      "index": -1
    },
    "nodeDataExtractionAndChunking": {
      "x": 123,
      "y": 172,
      "height": 75,
      "index": 0
    },
    "nodeDataVectorization": {
      "x": 67.5,
      "y": 282,
      "height": 75,
      "index": 1
    },
    "nodeClauseValidation": {
      "x": 12,
      "y": 392,
      "height": 75,
      "index": 2
    }
  },
  "viewport": {
    "transformMatrix": [
      0.9,
      0,
      0,
      0.9,
      129.9734375,
      -79.26151079136692
    ]
  }
}